{
  "sector_allocation": {
    "通信": 80.64,
    "科技": 118.45999999999998,
    "半导体": 52.989999999999995,
    "消费": 3.03
  },
  "stock_exposure": {
    "新易盛": 29.610000000000003,
    "中际旭创": 29.29,
    "长飞光纤光缆": 8.46,
    "源杰科技": 17.330000000000002,
    "天孚通信": 12.2,
    "东山精密": 11.11,
    "德科立": 4.41,
    "腾景科技": 3.76,
    "光库科技": 3.42,
    "深南电路": 3.4,
    "鼎泰高科": 9.83,
    "生益电子": 9.8,
    "大族数控": 9.77,
    "永鼎股份": 8.75,
    "沪电股份": 8.31,
    "生益科技": 6.2,
    "烽火通信": 5.67,
    "胜宏科技": 9.41,
    "炬光科技": 7.37,
    "麦格米特": 4.24,
    "长芯博创": 3.87,
    "环旭电子": 3.85,
    "罗博特科": 3.49,
    "英伟达": 7.67,
    "苹果": 6.74,
    "微软": 4.97,
    "亚马逊": 4.04,
    "特斯拉": 3.36,
    "Meta Platforms Inc Class A": 3.05,
    "谷歌-A": 3.03,
    "谷歌-C": 3.03,
    "沃尔玛": 3.03,
    "博通": 2.65
  },
  "valuation_warnings": [],
  "sector_concentration": {
    "科技": 46.4,
    "通信": 31.6,
    "半导体": 20.8,
    "消费": 1.2
  },
  "overlap_funds": {
    "新易盛": {
      "sector": "通信",
      "funds": [
        "011452",
        "021528",
        "002112"
      ],
      "total_ratio": 29.6
    },
    "中际旭创": {
      "sector": "通信",
      "funds": [
        "011452",
        "021528",
        "002112"
      ],
      "total_ratio": 29.3
    },
    "源杰科技": {
      "sector": "半导体",
      "funds": [
        "011452",
        "021528"
      ],
      "total_ratio": 17.3
    },
    "天孚通信": {
      "sector": "通信",
      "funds": [
        "011452",
        "002112"
      ],
      "total_ratio": 12.2
    },
    "东山精密": {
      "sector": "科技",
      "funds": [
        "011452",
        "002112"
      ],
      "total_ratio": 11.1
    }
  }
}